id,category_id,supplier_id,name,quantity,link,image,price,productCode,featureData,createdDate,modifiedDate,createdBy,totalView
1,4,0, Túi xách nhỏ tay cầm rời ,0,https://juno.vn/products/tui-xach-nho-tay-cam-roi,https://product.hstatic.net/1000003969/product/hong-dat_txn486_1_74cf19ec10654111acab045d5d5f8849_grande.jpg,795000,1,NULL,5/7/2021 0:00,5/7/2021 0:00,TUẤN,10
2,4,0, Túi xách nhỏ và clutch 2in1 ,0,https://juno.vn/products/tui-xach-nho-va-clutch-2in1,https://product.hstatic.net/1000003969/product/den_txn485_1_48e8f0deaef8493b8b3f841eae1acc22_grande.jpg,555000,2,NULL,5/7/2021 0:00,5/7/2021 0:00,TUẤN,10
3,4,0, Balo nhiều ngăn ,0,https://juno.vn/products/balo-nhieu-ngan,https://product.hstatic.net/1000003969/product/trang_bl118_1_939aa752c2dd4dbbb8f64c108804fe92_grande.jpg,895000,3,NULL,5/7/2021 0:00,5/7/2021 0:00,TUẤN,10
4,4,0, Handy Sweetest Clutch ,0,https://juno.vn/products/handy-sweetest-clutch,https://product.hstatic.net/1000003969/product/hong_txn476_1_cbd346d8c09b4d3785f06a394bee14e6_grande.jpg,595000,4,NULL,5/7/2021 0:00,5/7/2021 0:00,TUẤN,10
5,4,0, Summer Cool Dessert ,0,https://juno.vn/products/summer-cool-dessert,https://product.hstatic.net/1000003969/product/vang_txn475_1_4ed333965e9b4358879b473ddcec79b8_master.jpg,795000,5,NULL,5/7/2021 0:00,5/7/2021 0:00,TUẤN,10
6,4,0, Freezing Fluffy ,0,https://juno.vn/products/freezing-fluffy,https://product.hstatic.net/1000003969/product/kem_txn474_1_47ed4bccf07c47a29267ccda72f1bd28_grande.jpg,895000,6,NULL,5/7/2021 0:00,5/7/2021 0:00,TUẤN,10
7,4,0, Frost Bites Crumbly ,0,https://juno.vn/products/frost-bites-crumbly,https://product.hstatic.net/1000003969/product/xanh_bl115_1_8b7161e2f9834773a5cb4e42357325a8_grande.jpg,795000,7,NULL,5/7/2021 0:00,5/7/2021 0:00,TUẤN,10
8,4,0, Túi xách nhỏ Minnie 2 nắp có hoa văn ,0,https://juno.vn/products/tui-xach-nho-minnie-2-nap-co-hoa-van,https://product.hstatic.net/1000003969/product/xanh-duong_txn447_1_6affffa217af4ed98ff9abd16b893679_grande.jpg,755000,8,NULL,5/7/2021 0:00,5/7/2021 0:00,TUẤN,10
9,4,0, Túi xách nhỏ nhỏ nắp tuck-in ,0,https://juno.vn/products/tui-xach-nho-nho-nap-tuck-in,https://product.hstatic.net/1000003969/product/nau_txn461_1_9603e93e1cf14c479f6c44d1850755ad_grande.jpg,655000,9,NULL,5/7/2021 0:00,5/7/2021 0:00,TUẤN,10
10,4,0, Túi xách nhỏ dạng hộp chần bông trang trí xích ,0,https://juno.vn/products/tui-xach-nho-dang-hop-chan-bong-trang-tri-xich,https://product.hstatic.net/1000003969/product/hong_txn452_1_da5d640e6bc842fdb44d3954b92f6cdc_grande.jpg,755000,10,NULL,5/7/2021 0:00,5/7/2021 0:00,TUẤN,10
11,4,0, Túi xách trung treo charm trang trí ,0,https://juno.vn/products/tui-xach-trung-treo-charm-trang-tri,https://product.hstatic.net/1000003969/product/den_txt239_1_7b24fe6aea2f42a49862a2b5e5cd3450_grande.jpg,755000,11,NULL,5/7/2021 0:00,5/7/2021 0:00,TUẤN,10
12,4,0, Balo tròn khóa bấm ,0,https://juno.vn/products/balo-tron-khoa-bam,https://product.hstatic.net/1000003969/product/xanh_bl112_1_b6d996ff9f8549c5a466fc4b3dd2bf22_grande.jpg,755000,12,NULL,5/7/2021 0:00,5/7/2021 0:00,TUẤN,10
13,4,0, Ví phối màu color-block ,0,https://juno.vn/products/vi-phoi-mau-color-block,https://product.hstatic.net/1000003969/product/xanh-la_vi155_1_652cc37725e94d1697e27898bd7e2ce5_grande.jpg,555000,13,NULL,5/7/2021 0:00,5/7/2021 0:00,TUẤN,10
14,4,0, Túi xách nhỏ hobo trang trí khóa kim loại ,0,https://juno.vn/products/tui-xach-nho-hobo-trang-tri-khoa-kim-loai,https://product.hstatic.net/1000003969/product/xam_txn457_1_9c603a8ab28445a397591977228ca2e8_grande.jpg,655000,14,NULL,5/7/2021 0:00,5/7/2021 0:00,TUẤN,10
15,4,0, Ví trang trí khóa kim loại ,0,https://juno.vn/products/vi-trang-tri-khoa-kim-loai,https://product.hstatic.net/1000003969/product/cam_vi154_1_b02035b524a344fcb75700588b7d3925_grande.jpg,555000,15,NULL,5/7/2021 0:00,5/7/2021 0:00,TUẤN,10
16,4,0, Túi xách trung tote trung phối khác chất liệu ,0,https://juno.vn/products/tui-xach-trung-tote-trung-phoi-khac-chat-lieu,https://product.hstatic.net/1000003969/product/kem_txt236_1_511d0d74f5604905926e00adea633c51_master.jpg,795000,16,NULL,5/7/2021 0:00,5/7/2021 0:00,TUẤN,10
17,4,0, Túi xách nhỏ hộp top-handle ,0,https://juno.vn/products/tui-xach-nho-hop-top-handle,https://product.hstatic.net/1000003969/product/hong_txn466_1_0e131257ff8c4332bff080cc482826b6_grande.jpg,695000,17,NULL,5/7/2021 0:00,5/7/2021 0:00,TUẤN,10
18,4,0, Túi xách nhỏ trang trí logo cách điệu ,0,https://juno.vn/products/tui-xach-nho-trang-tri-logo-cach-dieu,https://product.hstatic.net/1000003969/product/kem_txn471_1_1bb0055a749e47f4a85730b02680d4ea_grande.jpg,695000,18,NULL,5/7/2021 0:00,5/7/2021 0:00,TUẤN,10
19,4,0, Túi xách trung multi-bag ,0,https://juno.vn/products/tui-xach-trung-multi-bag,https://product.hstatic.net/1000003969/product/hong_txt237_1_e9f6db62f58e4cc39bff28a785f6e137_grande.jpg,855000,19,NULL,5/7/2021 0:00,5/7/2021 0:00,TUẤN,10
20,4,0, Túi xách nhỏ đeo vai phun hiệu ứng loang màu ,0,https://juno.vn/products/tui-xach-nho-deo-vai-phun-hieu-ung-loang-mau,https://product.hstatic.net/1000003969/product/kem_txn473_1_e67a05691e7548b888423fd9ada94ed1_grande.jpg,695000,20,NULL,5/7/2021 0:00,5/7/2021 0:00,TUẤN,10
21,4,0, Ví 2 thân logo cách điệu ,0,https://juno.vn/products/vi-2-than-logo-cach-dieu,https://product.hstatic.net/1000003969/product/den_vi156_1_9d99b76b69fd40dab1bffd92d35a746f_grande.jpg,555000,21,NULL,5/7/2021 0:00,5/7/2021 0:00,TUẤN,10
22,4,0, Túi xách trung dập hiệu ứng lập thể ,0,https://juno.vn/products/tui-xach-trung-dap-hieu-ung-lap-the,https://product.hstatic.net/1000003969/product/kem_txt238_1_44554642260c4398b1268aad33b7610c_grande.jpg,855000,22,NULL,5/7/2021 0:00,5/7/2021 0:00,TUẤN,10
23,5,0, Giày cao gót quai ngang khoá trang trí ,0,https://juno.vn/products/gia-y-cao-go-t-quai-ngang-khoa-trang-tri-2,https://product.hstatic.net/1000003969/product/kem_cg07104_1_854c06bb41774591bd4dacabaf00ca0e_grande.jpg,495000,23,NULL,5/7/2021 0:00,5/7/2021 0:00,TUẤN,10
24,5,0, Giày cao gót slingback gót 2 màu ,0,https://juno.vn/products/gia-y-cao-go-t-slingback-got-2-mau,https://product.hstatic.net/1000003969/product/trang-kem_cg07105_1_5b40225159ca410d862413fee1ef53e0_grande.jpg,495000,24,NULL,5/7/2021 0:00,5/7/2021 0:00,TUẤN,10
25,5,0, Giày cao gót khóa trang trí họa tiết mê cung ,0,https://juno.vn/products/gia-y-cao-go-t-khoa-trang-tri-hoa-tiet-me-cung,https://product.hstatic.net/1000003969/product/xam-xanh_cg09143_1_6de7aa08e7e646a9bc0a65ebc309ed4e_grande.jpg,495000,25,NULL,5/7/2021 0:00,5/7/2021 0:00,TUẤN,10
26,5,0, Giày cao gót gót trụ khóa trang trí ,0,https://juno.vn/products/gia-y-cao-go-t-got-tru-khoa-trang-tri,https://product.hstatic.net/1000003969/product/kem_cg05109_1_7b552a5cd8da4f1e985e8ec3297a56ab_grande.jpg,455000,26,NULL,5/7/2021 0:00,5/7/2021 0:00,TUẤN,10
27,5,0, Giày cao gót gót thanh trang trí đính đá ,0,https://juno.vn/products/gia-y-cao-go-t-got-thanh-trang-tri-dinh-da,https://product.hstatic.net/1000003969/product/hong_cg09141_1_37da6dc84c5c4d7dbcc462187174fd98_master.jpg,495000,27,NULL,5/7/2021 0:00,5/7/2021 0:00,TUẤN,10
28,5,0, Giày cao gót gót trụ trang trí đính đá ,0,https://juno.vn/products/gia-y-cao-go-t-got-tru-trang-tri-dinh-da,https://product.hstatic.net/1000003969/product/hong_cg05110_1_71e6af92976545ed967161a6da06df41_grande.jpg,455000,28,NULL,5/7/2021 0:00,5/7/2021 0:00,TUẤN,10
29,5,0, Giày cao gót slingback in họa tiết vệt hoa ,0,https://juno.vn/products/gia-y-cao-go-t-slingback-in-hoa-tiet-vet-hoa,https://product.hstatic.net/1000003969/product/hong_cg09139_1_54cba4597bb341808525d4365e4d4e76_grande.jpg,455000,29,NULL,5/7/2021 0:00,5/7/2021 0:00,TUẤN,10
30,5,0, Giày cao gót slingback gót thanh ,0,https://juno.vn/products/gia-y-cao-go-t-slingback-got-thanh-1,https://product.hstatic.net/1000003969/product/xanh-duong_cg09142_1_63f8911cb63b41238d18e4a5a1748036_grande.jpg,455000,30,NULL,5/7/2021 0:00,5/7/2021 0:00,TUẤN,10
31,5,0, Giày cao gót gót thanh phối si giả satin ,0,https://juno.vn/products/gia-y-cao-go-t-got-thanh-phoi-si-gia-satin,https://product.hstatic.net/1000003969/product/nau-nhat_cg09138_1_8292aa59a31b4abf9430519dbc3a5b69_grande.jpg,455000,31,NULL,5/7/2021 0:00,5/7/2021 0:00,TUẤN,10
32,5,0, Giày cao gót quai ngang khoá trang trí ,0,https://juno.vn/products/gia-y-cao-go-t-quai-ngang-khoa-trang-tri-1,https://product.hstatic.net/1000003969/product/kem_cg05108_1_db54f71581fb436ca1b8475830445812_grande.jpg,455000,32,NULL,5/7/2021 0:00,5/7/2021 0:00,TUẤN,10
33,5,0, Giày cao gót si kim tuyến ,0,https://juno.vn/products/gia-y-cao-go-t-si-kim-tuyen,https://product.hstatic.net/1000003969/product/hong_cg07100_1_258fe09d5eae436bb405316ec5eb4d48_grande.jpg,455000,33,NULL,5/7/2021 0:00,5/7/2021 0:00,TUẤN,10
34,5,0, Giày cao gót mũi vuông gắn khóa trang trí ,0,https://juno.vn/products/gia-y-cao-go-t-mui-vuong-gan-khoa-trang-tri,https://product.hstatic.net/1000003969/product/hong_cg07102_1_75c2ddd548894c56bede5b8c76c69e62_grande.jpg,455000,34,NULL,5/7/2021 0:00,5/7/2021 0:00,TUẤN,10
35,5,0, Giày cao gót pump quai xích trang trí cổ chân ,0,https://juno.vn/products/gia-y-cao-go-t-pump-quai-xich-trang-tri-co-chan,https://product.hstatic.net/1000003969/product/nau-nhat_cg09133_1_2d89f1bf42f3421a8e9f22984d1e1fea_grande.jpg,495000,35,NULL,5/7/2021 0:00,5/7/2021 0:00,TUẤN,10
36,5,0, Giày cao gót slingback gắn khóa trang trí ,0,https://juno.vn/products/gia-y-cao-go-t-slingback-gan-khoa-trang-tri,https://product.hstatic.net/1000003969/product/xanh-bac-ha_cg05106_1_15d53b9509c8465e97949aa2f10b327c_grande.jpg,455000,36,NULL,5/7/2021 0:00,5/7/2021 0:00,TUẤN,10
37,5,0, Giày cao gót pump gắn khóa trang trí ,0,https://juno.vn/products/gia-y-cao-go-t-pump-gan-khoa-trang-tri,https://product.hstatic.net/1000003969/product/den_cg05105_1_4e08b9361cd7428ba2970bc2ae70270c_grande.jpg,455000,37,NULL,5/7/2021 0:00,5/7/2021 0:00,TUẤN,10
38,5,0, Giày cao gót dây thắt nút ,0,https://juno.vn/products/gia-y-cao-go-t-day-that-nut,https://product.hstatic.net/1000003969/product/xanh_cg07103_1_d5e4c3b184fd4a3eada4157433d1432a_master.jpg,455000,38,NULL,5/7/2021 0:00,5/7/2021 0:00,TUẤN,10
39,5,0, Giày cao gót dây quai hậu ,0,https://juno.vn/products/gia-y-cao-go-t-day-quai-hau,https://product.hstatic.net/1000003969/product/den_cg09136_1_e2a76e1f325441c9a09cec2dba653ed6_grande.jpg,455000,39,NULL,5/7/2021 0:00,5/7/2021 0:00,TUẤN,10
40,5,0, Giày cao gót gắn khoá trang trí ,0,https://juno.vn/products/gia-y-cao-go-t-gan-khoa-trang-tri,https://product.hstatic.net/1000003969/product/den_cg09135_1_94263644d0094382af54c9563c8b5898_grande.jpg,455000,40,NULL,5/7/2021 0:00,5/7/2021 0:00,TUẤN,10
41,5,0, Giày cao gót pump đính khóa trang trí ,0,https://juno.vn/products/gia-y-cao-go-t-pump-dinh-khoa-trang-tri,https://product.hstatic.net/1000003969/product/den_cg09134_1_e38bea9c42d144c9a4be1f277b78480d_grande.jpg,455000,41,NULL,5/7/2021 0:00,5/7/2021 0:00,TUẤN,10
42,5,0, Giày cao gót mũi nhọn gót khắc trụ ,0,https://juno.vn/products/gia-y-cao-go-t-mui-nhon-got-khac-tru,https://product.hstatic.net/1000003969/product/kem_cg05104_1_2b9aa6fe3cce4f2aa4842cdc8bf5384e_grande.jpg,455000,42,NULL,5/7/2021 0:00,5/7/2021 0:00,TUẤN,10
43,5,0, Giày cao gót mũi nhọn gót xi kim loại ,0,https://juno.vn/products/gia-y-cao-go-t-mui-nhon-got-xi-kim-loai,https://product.hstatic.net/1000003969/product/xam_cg09129_1_ffaa4ea7a4a049dea5d862e634da3dd4_grande.jpg,495000,43,NULL,5/7/2021 0:00,5/7/2021 0:00,TUẤN,10
44,5,0, Giày cao gót slingback mũi nhọn gót thanh ,0,https://juno.vn/products/gia-y-cao-go-t-slingback-mui-nhon-got-thanh-2,https://product.hstatic.net/1000003969/product/trang_cg07099_1_a9a2563d3a2a415884622b3dd0ec4739_grande.jpg,455000,44,NULL,5/7/2021 0:00,5/7/2021 0:00,TUẤN,10
45,5,0, Giày Thể Thao Classic Stick with me ,0,https://juno.vn/products/giay-the-thao-classic-stick-with-me,https://product.hstatic.net/1000003969/product/cam_tt03032_1_a71848887b9e4e8ab21bff425d14dac0_grande.jpg,595000,45,NULL,5/7/2021 0:00,5/7/2021 0:00,TUẤN,10
46,5,0, Trendy Illuminated Chunky ,0,https://juno.vn/products/trendy-illuminated-chunky,https://product.hstatic.net/1000003969/product/den_tt07002_1_183b66917dfb4e42965d04fc14fc50bf_grande.jpg,795000,46,NULL,5/7/2021 0:00,5/7/2021 0:00,TUẤN,10
47,5,0, Trendy Bridging Chunky ,0,https://juno.vn/products/trendy-bridging-chunky,https://product.hstatic.net/1000003969/product/trang_tt07003_1_ea9879ec548e4870987ece55676cb48e_grande.jpg,795000,47,NULL,5/7/2021 0:00,5/7/2021 0:00,TUẤN,10
48,5,0, Comfy Easy Lazy ,0,https://juno.vn/products/juno-comfy-easy-lazy,https://product.hstatic.net/1000003969/product/trang_tt03031_1_d036550467ba46a9b0ad0860180fbead_grande.jpg,555000,48,NULL,5/7/2021 0:00,5/7/2021 0:00,TUẤN,10
49,5,0, Trendy Elevated Flow ,0,https://juno.vn/products/juno-trendy-elevated-flow,https://product.hstatic.net/1000003969/product/hong_tt05005_1_cf348bc90c7648e8b1e4c1b295126d54_master.jpg,795000,49,NULL,5/7/2021 0:00,5/7/2021 0:00,TUẤN,10
50,5,0, Trendy Levitated Chunky ,0,https://juno.vn/products/juno-trendy-levitated-chunky,https://product.hstatic.net/1000003969/product/hong_tt05006_1_7ef578ff796e4e95b9a9043b58ad463c_grande.jpg,695000,50,NULL,5/7/2021 0:00,5/7/2021 0:00,TUẤN,10
51,5,0, Giày thể thao phong cách oxford ,0,https://juno.vn/products/giay-the-thao-phong-cach-oxford,https://product.hstatic.net/1000003969/product/den_tt03027_1_c53077a59df945d9835de8771f0f4e13_grande.jpg,475000,51,NULL,5/7/2021 0:00,5/7/2021 0:00,TUẤN,10
52,5,0, Comfy Moon Walk ,0,https://juno.vn/products/juno-comfy-moon-walk,https://product.hstatic.net/1000003969/product/den_tt03029_1_3f3d996d8d69420a80823f793b46746a_grande.jpg,595000,52,NULL,5/7/2021 0:00,5/7/2021 0:00,TUẤN,10
53,5,0, Giày thể thao classic TT05004 ,0,https://juno.vn/products/giay-the-thao-classic-tt05004,https://product.hstatic.net/1000003969/product/hong_tt05004_1_7cbe3fbe26294037a7c460c0e7c9ace8_grande.jpg,695000,53,NULL,5/7/2021 0:00,5/7/2021 0:00,TUẤN,10
54,5,0, Giày Thể Thao Classic ,0,https://juno.vn/products/giay-the-thao-classic,https://product.hstatic.net/1000003969/product/den_tt03028_1_2fa91ad69fef477495712f4ca301bdc0_grande.jpg,595000,54,NULL,5/7/2021 0:00,5/7/2021 0:00,TUẤN,10
55,5,0, Classic Side by Side ,0,https://juno.vn/products/juno-classic-side-by-side,https://product.hstatic.net/1000003969/product/hong_tt03030_1_19ba818257c24dcaa4914c10713bee6c_grande.jpg,655000,55,NULL,5/7/2021 0:00,5/7/2021 0:00,TUẤN,10
56,5,0, Juno active starter 6 ,0,https://juno.vn/products/juno-active-starter-6,https://product.hstatic.net/1000003969/product/hong_tt05002_1_15935e51173e447b892c0381dd501aed_grande.jpg,755000,56,NULL,5/7/2021 0:00,5/7/2021 0:00,TUẤN,10
57,5,0, juno active starter 5 ,0,https://juno.vn/products/juno-active-starter-5,https://product.hstatic.net/1000003969/product/vang_tt03026_1_613620a505f242e5b249526fc47a298b_grande.jpg,595000,57,NULL,5/7/2021 0:00,5/7/2021 0:00,TUẤN,10
58,5,0, Giày thể thao đế cao ,0,https://juno.vn/products/giay-the-thao-de-cao,https://product.hstatic.net/1000003969/product/cam_tt05003_1_4368751144c5494ab9ecb0e819979868_grande.jpg,655000,58,NULL,5/7/2021 0:00,5/7/2021 0:00,TUẤN,10
59,5,0, Giày thể thao đế chunky ,0,https://juno.vn/products/giay-the-thao-de-chunky,https://product.hstatic.net/1000003969/product/hong_tt07001_1_0b5fa21828244bcabc126636ed7fce9b_grande.jpg,795000,59,NULL,5/7/2021 0:00,5/7/2021 0:00,TUẤN,10
60,5,0, Juno active starter 4 ,0,https://juno.vn/products/juno-active-starter-4,https://product.hstatic.net/1000003969/product/den_tt03024_1_aa3f92fec55543ec9b86ca5a4ddf31b5_master.jpg,695000,60,NULL,5/7/2021 0:00,5/7/2021 0:00,TUẤN,10
61,5,0, Juno active starter 3 ,0,https://juno.vn/products/juno-active-starter-3,https://product.hstatic.net/1000003969/product/xam_tt03023_1_bfce0f3ab74d44c78dbfeb9cceb4346b_grande.jpg,555000,61,NULL,5/7/2021 0:00,5/7/2021 0:00,TUẤN,10
62,5,0, Juno Active Starter 1 ,0,https://juno.vn/products/juno-active-starter-1,https://product.hstatic.net/1000003969/product/xam_tt03021_1_9d0cf8e210db46c99d5817384a698355_grande.jpg,525000,62,NULL,5/7/2021 0:00,5/7/2021 0:00,TUẤN,10
63,5,0, Juno Sneakers Soft Model TT03020 - Knit Basic ,0,https://juno.vn/products/juno-sneaker-soft-model-tt03020-knit-basic,https://product.hstatic.net/1000003969/product/xam_tt03020_1_c986fd80e5074bdda1a79b561c6b1bde_grande.jpg,490000,63,NULL,5/7/2021 0:00,5/7/2021 0:00,TUẤN,11
64,6,0, Ví phối màu color-block ,0,https://juno.vn/products/vi-phoi-mau-color-block,https://product.hstatic.net/1000003969/product/xanh-la_vi155_1_652cc37725e94d1697e27898bd7e2ce5_grande.jpg,555000,64,NULL,5/7/2021 0:00,5/7/2021 0:00,TUẤN,10
65,6,0, Ví trang trí khóa kim loại ,0,https://juno.vn/products/vi-trang-tri-khoa-kim-loai,https://product.hstatic.net/1000003969/product/cam_vi154_1_b02035b524a344fcb75700588b7d3925_grande.jpg,555000,65,NULL,5/7/2021 0:00,5/7/2021 0:00,TUẤN,10
66,6,0, Ví 2 thân logo cách điệu ,0,https://juno.vn/products/vi-2-than-logo-cach-dieu,https://product.hstatic.net/1000003969/product/den_vi156_1_9d99b76b69fd40dab1bffd92d35a746f_grande.jpg,555000,66,NULL,5/7/2021 0:00,5/7/2021 0:00,TUẤN,10
67,6,0, Ví nắp gập khóa bấm ,0,https://juno.vn/products/vi-nap-gap-khoa-bam,https://product.hstatic.net/1000003969/product/xanh-la_vi153_1_7a133b6f4aad4ef2b7379d1c5a584a71_grande.jpg,595000,67,NULL,5/7/2021 0:00,5/7/2021 0:00,TUẤN,10
68,6,0, Ví dập nổi họa tiết đối xứng ,0,https://juno.vn/products/vi-dap-noi-hoa-tiet-doi-xung,https://product.hstatic.net/1000003969/product/nhieu-mau_vi151_1_70c18c2a6fe84c9a953ece6bd1014684_master.jpg,555000,68,NULL,5/7/2021 0:00,5/7/2021 0:00,TUẤN,10
69,6,0, Ví dây kéo kim loại nhiều ngăn ,0,https://juno.vn/products/vi-day-keo-kim-loai-nhieu-ngan,https://product.hstatic.net/1000003969/product/kem_vi149_1_7506480880cd43cf96d40134306f49e5_grande.jpg,395000,69,NULL,5/7/2021 0:00,5/7/2021 0:00,TUẤN,10
70,6,0, Ví trang trí nút kim loại ,0,https://juno.vn/products/vi-trang-tri-nut-kim-loai,https://product.hstatic.net/1000003969/product/kem_vi150_1_a01da76a97894e86bcbed8f0223e814d_grande.jpg,495000,70,NULL,5/7/2021 0:00,5/7/2021 0:00,TUẤN,10
71,6,0, Ví chữ nhật kèm dây đeo ,0,https://juno.vn/products/vi-chu-nhat-kem-day-deo,https://product.hstatic.net/1000003969/product/hong_vi147_1_7b5ab62d1f1d4f64ae0f65a9a81f00f9_grande.jpg,495000,71,NULL,5/7/2021 0:00,5/7/2021 0:00,TUẤN,10
72,6,0, Ví nắp dập nổi ,0,https://juno.vn/products/vi-nap-dap-noi,https://product.hstatic.net/1000003969/product/xanh_vi145_1_00716ace59c6414888a9636c608dff77_grande.jpg,495000,72,NULL,5/7/2021 0:00,5/7/2021 0:00,TUẤN,10
73,6,0, Ví cầm tay màu trendy ,0,https://juno.vn/products/vi-cam-tay-mau-trendy,https://product.hstatic.net/1000003969/product/tim_vi143_1_2588b0223cf54272909df0b76b03ed54_grande.jpg,495000,73,NULL,5/7/2021 0:00,5/7/2021 0:00,TUẤN,10
74,6,0, Clutch dập hiệu ứng Princess Diamond ,0,https://juno.vn/products/clutch-dap-hieu-ung-princess-diamond,https://product.hstatic.net/1000003969/product/xanh_vi141_1_fbd4bdce40364c2eb1e53ba5e7bd88a7_grande.jpg,555000,74,NULL,5/7/2021 0:00,5/7/2021 0:00,TUẤN,11
75,6,0, Ví phối nắp pvc ,0,https://juno.vn/products/vi-phoi-nap-pvc,https://product.hstatic.net/1000003969/product/xanh_vi140_1_1f5e409154c5474db2fae43182b7ddcc_grande.jpg,495000,75,NULL,5/7/2021 0:00,5/7/2021 0:00,TUẤN,10
76,6,0, Ví cầm tay có ngăn điện thoại ,0,https://juno.vn/products/vi-ca-m-tay-co-ngan-die-n-thoa-i,https://product.hstatic.net/1000003969/product/trang_vi137_1_925bc28e891b454d8a9011afb80e9588_grande.jpg,455000,76,NULL,5/7/2021 0:00,5/7/2021 0:00,TUẤN,10
77,6,0, Ví Mickey 2 nắp ,0,https://juno.vn/products/vi-mickey-2-nap,https://product.hstatic.net/1000003969/product/trang_vi134_1_9572f0076b9e48c1adc37ef4c7e8763a_grande.jpg,495000,77,NULL,5/7/2021 0:00,5/7/2021 0:00,TUẤN,10
78,6,0, Ví khoá trang trí cùng màu ,0,https://juno.vn/products/vi-khoa-trang-tri-cung-mau,https://product.hstatic.net/1000003969/product/kem_vi136_1_38504af680eb4a45b4dd12f736952cb4_grande.jpg,555000,78,NULL,5/7/2021 0:00,5/7/2021 0:00,TUẤN,10
79,6,0, Ví cầm tay ,0,https://juno.vn/products/vi-cam-tay,https://product.hstatic.net/1000003969/product/kem_vi127_1_53a0d0b8c8cf42e3b25bad41f4b9c1e8_master.jpg,435000,79,NULL,5/7/2021 0:00,5/7/2021 0:00,TUẤN,10
80,6,0, Ví cầm tay dáng dài hoạ tiết dệt gấm ,0,https://juno.vn/products/vi-cam-tay-dang-dai-hoa-tiet-det-gam-ngau-hung-thoi-gian-vi104,https://product.hstatic.net/1000003969/product/xam_vi104_2_grande.jpg,550000,80,NULL,5/7/2021 0:00,5/7/2021 0:00,TUẤN,10
81,6,0, Ví cầm tay hoạ tiết vân chìm VI052 ,0,https://juno.vn/products/vi-cam-tay-hoa-tiet-van-chim-vi052,https://product.hstatic.net/1000003969/product/kem_vi052_1_947a8bc8ec8c4b65a4c8b9e3aeb4f966_grande.jpg,390000,81,NULL,5/7/2021 0:00,5/7/2021 0:00,TUẤN,10
82,7,0, Mắt kính vuông kim loại ,0,https://juno.vn/products/mat-kinh-vuong-kim-loai,https://product.hstatic.net/1000003969/product/den_mk059_1_4e1abed2b4a74091ae8c91a767fb6c77_grande.jpg,495000,82,NULL,5/7/2021 0:00,5/7/2021 0:00,TUẤN,11
83,7,0, Mắt kính mắt mèo nhựa phối kim loại ,0,https://juno.vn/products/mat-kinh-mat-meo-nhua-phoi-kim-loai,https://product.hstatic.net/1000003969/product/den_mk058_1_6384fb0f98bf409781be35c163228759_grande.jpg,495000,83,NULL,5/7/2021 0:00,5/7/2021 0:00,TUẤN,10
84,7,0, Mắt kính hình bướm nhựa phối kim loại ,0,https://juno.vn/products/mat-kinh-hinh-buom-nhua-phoi-kim-loai-2,https://product.hstatic.net/1000003969/product/den_mk057_1_f1b4dda2c53b468cb8b9b41ae16743a8_grande.jpg,495000,84,NULL,5/7/2021 0:00,5/7/2021 0:00,TUẤN,10
85,7,0, Mắt kính vuông gọng nhựa ,0,https://juno.vn/products/mat-kinh-vuong-gong-nhua,https://product.hstatic.net/1000003969/product/den_mk056_1_e110f84c38d44f0fb95680146263c0fd_grande.jpg,495000,85,NULL,5/7/2021 0:00,5/7/2021 0:00,TUẤN,10
86,7,0, Mắt kính phi công kim loại ,0,https://juno.vn/products/mat-kinh-phi-cong-kim-loai,https://product.hstatic.net/1000003969/product/den_mk055_1_7030893a933b41eeb5c621e6d0f05be4_master.jpg,495000,86,NULL,5/7/2021 0:00,5/7/2021 0:00,TUẤN,10
87,7,0, Mắt kính vuông kim loại ,0,https://juno.vn/products/mat-kinh-vuong-kim-loai-1,https://product.hstatic.net/1000003969/product/den_mk054_1_2b2aed1c6c08499981065f534f345c35_grande.jpg,495000,87,NULL,5/7/2021 0:00,5/7/2021 0:00,TUẤN,10
88,7,0, Mắt kính vuông kim loại ,0,https://juno.vn/products/mat-kinh-vuong-kim-loai-2,https://product.hstatic.net/1000003969/product/den_mk053_1_a2f2eb28cdbc49f9bbe1329d3df2e85c_grande.jpg,495000,88,NULL,5/7/2021 0:00,5/7/2021 0:00,TUẤN,11
89,7,0, Mắt kính mắt mèo kim loại ,0,https://juno.vn/products/mat-kinh-mat-meo-kim-loai,https://product.hstatic.net/1000003969/product/den_mk052_1_0ddcbcb5ca3d4d3e8bb6ac99fcb7c23f_grande.jpg,495000,89,NULL,5/7/2021 0:00,5/7/2021 0:00,TUẤN,10
90,7,0, Mắt kính mắt mèo kim loại ,0,https://juno.vn/products/mat-kinh-mat-meo-kim-loai-1,https://product.hstatic.net/1000003969/product/den_mk051_1_31f6b66371a545cd804f9441e68d04d0_grande.jpg,495000,90,NULL,5/7/2021 0:00,5/7/2021 0:00,TUẤN,10
91,7,0, Mắt kính ovan gọng kim loại kép ,0,https://juno.vn/products/mat-kinh-ovan-gong-kim-loai-kep-1,https://product.hstatic.net/1000003969/product/den_mk050_1_0f300082b4ed4e44b1db588829b73940_grande.jpg,495000,91,NULL,5/7/2021 0:00,5/7/2021 0:00,TUẤN,10
92,7,0, Mắt kính vuông kim loại phối nhựa ,0,https://juno.vn/products/mat-kinh-vuong-kim-loai-phoi-nhua-1,https://product.hstatic.net/1000003969/product/den_mk045_1_4f86b5d734434084a1178aa158684068_grande.jpg,455000,92,NULL,5/7/2021 0:00,5/7/2021 0:00,TUẤN,10
93,7,0, Mắt kính tròn kim loại phối nhựa ,0,https://juno.vn/products/mat-kinh-tron-kim-loai-phoi-nhua,https://product.hstatic.net/1000003969/product/den_mk046_1_a81915dd1c25413e9af8df78f3b7956b_grande.jpg,455000,93,NULL,5/7/2021 0:00,5/7/2021 0:00,TUẤN,11
94,7,0, Mắt kính vuông kim loại phối nhựa ,0,https://juno.vn/products/mat-kinh-vuong-kim-loai-phoi-nhua-2,https://product.hstatic.net/1000003969/product/hong_mk047_1_7889b7b8a4364dcfa8904ef0426e4f4a_grande.jpg,455000,94,NULL,5/7/2021 0:00,5/7/2021 0:00,TUẤN,10
95,7,0, Mắt kính đa giác kim loại ,0,https://juno.vn/products/mat-kinh-da-giac-kim-loai,https://product.hstatic.net/1000003969/product/nau_mk041_1_81e67e94f21a4bb1bd5aacd084f7356e_grande.jpg,455000,95,NULL,5/7/2021 0:00,5/7/2021 0:00,TUẤN,10
96,7,0, Mắt kính oversize kim loại phối nhựa ,0,https://juno.vn/products/mat-kinh-oversize-kim-loai-phoi-nhua,https://product.hstatic.net/1000003969/product/den_mk040_1_95eba48c2fb54ddf9fba4f18d2c82c35_grande.jpg,455000,96,NULL,5/7/2021 0:00,5/7/2021 0:00,TUẤN,10
97,7,0, Mắt kính đa giác kim loại ,0,https://juno.vn/products/mat-kinh-da-giac-kim-loai-1,https://product.hstatic.net/1000003969/product/hong_mk042_1_ff970d0d6d0e47ba83ae8b6b93fa9db3_master.jpg,455000,97,NULL,5/7/2021 0:00,5/7/2021 0:00,TUẤN,11
98,7,0, Mắt kính mắt mèo gọng kim loại mảnh ,0,https://juno.vn/products/mat-kinh-mat-meo-gong-kim-loai-manh-2,https://product.hstatic.net/1000003969/product/den_mk025_1_f5feaa87add2443190e1cc943557342e_grande.jpg,435000,98,NULL,5/7/2021 0:00,5/7/2021 0:00,TUẤN,10
99,7,0, Mắt kính mắt mèo kim loại hai cầu ,0,https://juno.vn/products/mat-kinh-mat-meo-kim-loai-hai-cau-1,https://product.hstatic.net/1000003969/product/nau_mk024_1_c00671d86fda4e8195d2df734565875e_grande.jpg,435000,99,NULL,5/7/2021 0:00,5/7/2021 0:00,TUẤN,10
100,7,0, Mắt kính lục giác gọng kim loại ,0,https://juno.vn/products/mat-kinh-luc-giac-gong-kim-loai-1,https://product.hstatic.net/1000003969/product/den_mk023_1_25a26a49b4a6421990ccf657364f8bd2_grande.jpg,435000,100,NULL,5/7/2021 0:00,5/7/2021 0:00,TUẤN,10
101,7,0, Mắt kính mắt mèo gọng đôi cách điệu ,0,https://juno.vn/products/mat-kinh-mat-meo-gong-doi-cach-dieu,https://product.hstatic.net/1000003969/product/den_mk038_1_6f9f0b5e0a55472ab7a48ab4b970c387_grande.jpg,455000,101,NULL,5/7/2021 0:00,5/7/2021 0:00,TUẤN,10
102,7,0, Mắt kính hình bướm gọng kim loại phối nhựa ,0,https://juno.vn/products/mat-kinh-hinh-buom-gong-kim-loai-phoi-nhua,https://product.hstatic.net/1000003969/product/den_mk035_1_726011477f09452daa0c6696bbe07578_grande.jpg,455000,102,NULL,5/7/2021 0:00,5/7/2021 0:00,TUẤN,10
103,7,0, Mắt kính hình bướm gọng đôi cách điệu ,0,https://juno.vn/products/mat-kinh-hinh-buom-gong-doi-cach-dieu,https://product.hstatic.net/1000003969/product/hong_mk033_1_0e4af595865747d49282a16e5a611cf0_grande.jpg,455000,103,NULL,5/7/2021 0:00,5/7/2021 0:00,TUẤN,11
104,8,0, Vớ cổ cao bộ 3 đôi kiểu trơn ,0,https://juno.vn/products/vo-co-cao-bo-3-doi-kieu-tron-2,https://product.hstatic.net/1000003969/product/nhieu-mau_vo008_1_cac25cad917b43258b0f78116a98446c_grande.jpg,180000,104,NULL,5/7/2021 0:00,5/7/2021 0:00,TUẤN,10
105,8,0, Vớ cổ cao bộ 3 đôi kiểu trơn ,0,https://juno.vn/products/vo-co-cao-bo-3-doi-kieu-tron-1,https://product.hstatic.net/1000003969/product/nhieu-mau_vo007_1_6303cf8eb6504091917c90af063acfac_grande.jpg,180000,105,NULL,5/7/2021 0:00,5/7/2021 0:00,TUẤN,10
106,8,0, Vớ cổ thấp bộ 2 đôi kiểu dù và giọt nước ,0,https://juno.vn/products/vo-co-thap-bo-2-doi-kieu-du-va-giot-nuoc,https://product.hstatic.net/1000003969/product/nhieu-mau_vo005_1_ad865519623b4ff0ad19fc6d44c7f86d_grande.jpg,80000,106,NULL,5/7/2021 0:00,5/7/2021 0:00,TUẤN,10
107,8,0, Vớ cổ cao bộ 2 đôi kiểu mèo và xương cá ,0,https://juno.vn/products/vo-co-cao-bo-2-doi-kieu-meo-va-xuong-ca,https://product.hstatic.net/1000003969/product/nhieu-mau_vo006_1_204d408b2e1f4acaa3b2001f8dcb899c_grande.jpg,80000,107,NULL,5/7/2021 0:00,5/7/2021 0:00,TUẤN,10
108,8,0, Vớ cổ thấp bộ 2 đôi kiểu ong và hoa ,0,https://juno.vn/products/vo-co-thap-bo-2-doi-kieu-ong-va-hoa,https://product.hstatic.net/1000003969/product/nhieu-mau_vo004_1_ef279511d8e64bb3ac0569f0ad8f6bd9_master.jpg,80000,108,NULL,5/7/2021 0:00,5/7/2021 0:00,TUẤN,10
109,8,0, Vớ cổ cao bộ 3 đôi kiểu trơn ,0,https://juno.vn/products/vo-co-cao-bo-3-doi-kieu-tron,https://product.hstatic.net/1000003969/product/nhieu-mau_vo003_1_d3083db025ee4e5a9d5c4db055176ab0_grande.jpg,100000,109,NULL,5/7/2021 0:00,5/7/2021 0:00,TUẤN,10
110,8,0, Vớ lười bộ 2 đôi kiểu trơn ,0,https://juno.vn/products/vo-luoi-bo-2-doi-kieu-tron,https://product.hstatic.net/1000003969/product/hong_vo002_1_247949f2deb6481e9029050e429c44b0_grande.jpg,70000,110,NULL,5/7/2021 0:00,5/7/2021 0:00,TUẤN,10
111,8,0, Vớ cổ thấp bộ 2 đôi kiểu sọc ,0,https://juno.vn/products/vo-co-thap-bo-2-doi-kieu-soc,https://product.hstatic.net/1000003969/product/trang_vo001_1_68e16a3b6b9c46e8ab3af05defe37d9c_grande.jpg,70000,111,NULL,5/7/2021 0:00,5/7/2021 0:00,TUẤN,10
1028426706,1,0,Top xốp be cổ nhạn thêu dải hoa ,0,https://adoredress.com/products/top-xop-be-co-nhan-theu-dai-hoa,https://product.hstatic.net/1000277297/product/1ao10099787_-_1qu30279651__2__9fbbf6e4446f4877a8dbf02a0f236ed3_grande.jpg,460,1028426706,NULL,0000-00-00 00:00:00,0000-00-00 00:00:00,TUẤN,29
1028426708,1,0,Top lụa trắng cổ 2 ve nẹp lệch ,0,https://adoredress.com/products/top-lua-trang-co-2-ve-nep-lech,https://product.hstatic.net/1000277297/product/0ao10483190_-_1so10019931_f7c064af2fb846c198b5a7d8543e3dc3_grande.jpg,390000,1028426708,NULL,0000-00-00 00:00:00,0000-00-00 00:00:00,TUẤN,22
1028426822,1,0,Top trắng trang trí khuy bọc thêu ,0,https://adoredress.com/products/top-trang-trang-tri-khuy-boc-theu,https://product.hstatic.net/1000277297/product/0ao20922469_-_1cv10069931__5__15ecd41fc9ed49b38ec7d5fc8903d2a1_grande.jpg,410000,1028426822,NULL,0000-00-00 00:00:00,0000-00-00 00:00:00,TUẤN,21
1028436202,3,0,Váy mini karo hông thêu trang trí tay ,0,https://adoredress.com/products/vay-mini-karo-hong-theu-trang-tri-tay,https://product.hstatic.net/1000277297/product/0va10602621__2__0b325b0138bc4862989fac9eda356032_grande.jpg,630000,1028436202,NULL,0000-00-00 00:00:00,0000-00-00 00:00:00,TUẤN,10
1030413890,2,0,Quần baggie cạp cao túi miệng vuông nâu đậm ,0,https://adoredress.com/products/quan-dung-cap-cao-tui-mieng-rong-nau-dam,https://product.hstatic.net/1000277297/product/1ao30010778_-_0qu10441093_a72c0e5f188f49279d3f8cbcd9e59c2a_grande.jpg,450000,1030413890,NULL,5/16/2021 0:00,0000-00-00 00:00:00,TUẤN,12
1030413898,2,0,Quần baggie cạp cao túi miệng vuông ghi ,0,https://adoredress.com/products/quan-dung-cap-cao-tui-mieng-rong-mau-ghi,https://product.hstatic.net/1000277297/product/0qu10449998_-_1ts40019851__7__650b1cd58ae94d458b2683a8159c77ac_grande.jpg,450000,1030413898,NULL,5/16/2021 0:00,0000-00-00 00:00:00,TUẤN,11
1030413948,2,0,Quần baggie cạp cao túi miệng rộng đen ,0,https://adoredress.com/products/quan-dung-cap-cao-tui-mieng-rong-mau-den,https://product.hstatic.net/1000277297/product/1ao30019770_-_0qu10449997_24eb8d113a3f4e589729b5a08a71209b_grande.jpg,450000,1030413948,NULL,5/16/2021 0:00,0000-00-00 00:00:00,TUẤN,11
1030413964,2,0,Quần baggie cạp cao túi miệng vuông camel cháy ,0,https://adoredress.com/products/quan-dung-cap-cao-tui-mieng-rong-camel-chay,https://product.hstatic.net/1000277297/product/1ao20083518_-_0qu10449996__4__24424a0153b44b7e9f84737d744bd4e1_grande.jpg,315000,1030413964,NULL,5/16/2021 0:00,0000-00-00 00:00:00,TUẤN,10
1030414769,2,0,Quần Cullotes suông basic màu Begie ,0,https://adoredress.com/products/quan-cullotes-suong-basic-mau-begie,https://product.hstatic.net/1000277297/product/0bl10519982_-_0qu30349982__6__09965cd0ca0a4d91a44b976bfee57679_grande.jpg,430000,1030414769,NULL,5/16/2021 0:00,0000-00-00 00:00:00,TUẤN,10
1030527907,1,0,Áo knit top phối tay bồng màu đen ,0,https://adoredress.com/products/ao-knit-top-phoi-tay-bong-mau-den,https://product.hstatic.net/1000277297/product/0cv20323361_-_0kn1001_259dd0b436a34b3cae289f30704071d5_grande.jpg,420000,1030527907,NULL,0000-00-00 00:00:00,0000-00-00 00:00:00,TUẤN,20
1030527966,1,0,Áo knit top phối tay bồng màu capuchino ,0,https://adoredress.com/products/ao-knit-top-phoi-tay-bong-mau-capuchino,https://product.hstatic.net/1000277297/product/0kn10013734_-_0cv10343589__2__302dbd9e27c3463496b2a3aac6f3df0d_grande.jpg,420000,1030527966,NULL,0000-00-00 00:00:00,0000-00-00 00:00:00,TUẤN,21
1030761154,1,0,Áo knit top phối tay bồng màu cam đất ,0,https://adoredress.com/products/ao-knit-top-phoi-tay-bong-mau-cam-dat,https://product.hstatic.net/1000277297/product/0kn10012899_-_1cv10099857_b6a090c6f8f04cf695956616ab69b750_grande.jpg,420000,1030761154,NULL,0000-00-00 00:00:00,0000-00-00 00:00:00,TUẤN,20
1030906358,2,0,Quần cullote suông màu camel ,0,https://adoredress.com/products/cullote-basic-mau-camel,https://product.hstatic.net/1000277297/product/1ao20220724_-_0qu30310777_091164a93bfb425d87ab5c360af55c1e_grande.jpg,430000,1030906358,NULL,5/16/2021 0:00,0000-00-00 00:00:00,TUẤN,10
1030944207,3,0,Váy midi ghi tùng khuy random ,0,https://adoredress.com/products/vay-midi-bo-manh-khuy-random,https://product.hstatic.net/1000277297/product/1va20039891__3__b3cf104bc2404a2b9093998700cd5948_grande.jpg,476000,1030944207,NULL,0000-00-00 00:00:00,0000-00-00 00:00:00,TUẤN,12
1030944257,1,0,Top be dúm ngực tay dài ,0,https://adoredress.com/products/ao-top-tay-dai-dum-nguc,https://product.hstatic.net/1000277297/product/1ao20043505_-_1ao20043505__5__6a117c5112ab4a2699c517302cbdb01d_grande.jpg,420000,1030944257,NULL,0000-00-00 00:00:00,0000-00-00 00:00:00,TUẤN,22
1030944264,3,0,Váy mini thêu bó hoa ngực tay cánh tiên ,0,https://adoredress.com/products/vay-mini-tay-canh-tien-theu-nguc,https://product.hstatic.net/1000277297/product/1va10083955__50_285efeceef9244a5874e26daf7b77551_grande.jpg,504000,1030944264,NULL,0000-00-00 00:00:00,0000-00-00 00:00:00,TUẤN,10
1030944281,3,0,Váy mini be tay lỡ thêu ngực ,0,https://adoredress.com/products/vay-mini-be-tay-lo-theu-nguc,https://product.hstatic.net/1000277297/product/1va10099890__3__ab43c97fc89746bfbb01d03a6611ac32_grande.jpg,476000,1030944281,NULL,0000-00-00 00:00:00,0000-00-00 00:00:00,TUẤN,10
1030944354,1,0,Top xanh lóng chéo basic ,0,https://adoredress.com/products/ao-tho-det-gan-noi-mau-xanh,https://product.hstatic.net/1000277297/product/1ao20053826_-_1cv10069982__7__feffd2cd62ef47fd8d4a9ce001206a20_grande.jpg,390000,1030944354,NULL,0000-00-00 00:00:00,0000-00-00 00:00:00,TUẤN,20
1030944390,1,0,Top hồng lóng chéo basic ,0,https://adoredress.com/products/ao-tho-det-gan-noi-mau-hong,https://product.hstatic.net/1000277297/product/0cv105132204_-_1ao20053825__4__f62a3bc2811d40c2b7b1f8d5e078b42a_grande.jpg,390000,1030944390,NULL,0000-00-00 00:00:00,0000-00-00 00:00:00,TUẤN,20
1030944482,3,0,Váy mini hồng nâu xếp ly thân trên ,0,https://adoredress.com/products/vay-xep-nhun-nguc,https://product.hstatic.net/1000277297/product/1va10100952__2__0bf4c52c616e49c3bae5658d54084835_grande.jpg,680000,1030944482,NULL,0000-00-00 00:00:00,0000-00-00 00:00:00,TUẤN,10
1030944879,3,0,Váy midi be tay chuông hàng khuy bọc ,0,https://adoredress.com/products/vay-midi-tay-chuong-hang-khuy-trang-tri,https://product.hstatic.net/1000277297/product/1va20049933__4__dfaab85c15b247adaabc1a9c30850e54_grande.jpg,720000,1030944879,NULL,0000-00-00 00:00:00,0000-00-00 00:00:00,TUẤN,10
1030946703,3,0,Váy mini sọc ghi thêu cổ ,0,https://adoredress.com/products/vay-ke-tay-lo-co-theu,https://product.hstatic.net/1000277297/product/1va20053356_55e3092dcc6c4f2b8e59abb8698c654f_grande.jpg,680000,1030946703,NULL,0000-00-00 00:00:00,0000-00-00 00:00:00,TUẤN,12
1030947276,1,0,Áo cổ tròn tay lỡ thêu trang trí ,0,https://adoredress.com/products/ao-co-tron-tay-lo-theu-trang-tri-1,https://product.hstatic.net/1000277297/product/1ao20072310_-_1cv10069982__2__cd1d5e0bf23a4d51bd62c547b90c667d_grande.jpg,460000,1030947276,NULL,0000-00-00 00:00:00,0000-00-00 00:00:00,TUẤN,20
1030947538,1,0,Áo sơmi in đính kim sa ,0,https://adoredress.com/products/t-shit-trang-in-vet-son-dinh-nhu,https://product.hstatic.net/1000277297/product/0qu10449998_-_1ts40019851__4__19536caa5a6b4b4c85a9872828043736_grande.jpg,350000,1030947538,NULL,0000-00-00 00:00:00,0000-00-00 00:00:00,TUẤN,22
1030947733,1,0,Top trắng in daisy nổi ,0,https://adoredress.com/products/ao-somi-in-hoa,https://product.hstatic.net/1000277297/product/1ao20083518_-_0qu10449996_90558572ff9f464aafb3fd5f29374bd2_grande.jpg,350000,1030947733,NULL,0000-00-00 00:00:00,0000-00-00 00:00:00,TUẤN,20
1030947768,3,0,Váy mini hồng thêu tunic cổ buộc dây ,0,https://adoredress.com/products/vay-mini-hong-theu-trang-tri,https://product.hstatic.net/1000277297/product/1va10149894__2__6493eca00b51430eb46a4caed27f0503_grande.jpg,720000,1030947768,NULL,0000-00-00 00:00:00,0000-00-00 00:00:00,TUẤN,10
1030947950,3,0,Váy midi tay bồng hàng khuy giữa basic xanh mint ,0,https://adoredress.com/products/vay-midi-tay-bong-cai-khuy-truoc-mau-xanh-mint,https://product.hstatic.net/1000277297/product/1va20069888_145282eae7434dcc899255ffbbb39ab4_grande.jpg,544000,1030947950,NULL,0000-00-00 00:00:00,0000-00-00 00:00:00,TUẤN,10
1030947992,3,0,Váy midi tay bồng hàng khuy giữa basic hồng ,0,https://adoredress.com/products/vay-midi-tay-bong-cai-khuy-truoc-mau-hong,https://product.hstatic.net/1000277297/product/1va20069974_7e4e85c11b614716869c66415fbfb253_grande.jpg,544000,1030947992,NULL,0000-00-00 00:00:00,0000-00-00 00:00:00,TUẤN,10
1030962478,1,0,Top pep karo rêu cổ vuông ,0,https://adoredress.com/products/top-pep-karo-reu-co-vuong,https://product.hstatic.net/1000277297/product/1cv10060984_-_1ao20209877__2__3b0db2829e0f481e8d814cd40ab12e4a_grande.jpg,380000,1030962478,NULL,0000-00-00 00:00:00,0000-00-00 00:00:00,TUẤN,20
1030962514,1,0,Sơ mi trắng thêu họa tiết ,0,https://adoredress.com/products/so-mi-trang-theu-hoa-tiet,https://product.hstatic.net/1000277297/product/1ao20220724_-_0qu30310777__2__c9fd218d1b1f409a9a34b11bb6ead6b2_grande.jpg,430000,1030962514,NULL,0000-00-00 00:00:00,0000-00-00 00:00:00,TUẤN,20
1030962886,3,0,Jumsuit tay cộc quần lửng rút dúm ngực màu rêu ,0,https://adoredress.com/products/jumsuit-tay-coc-quan-lung-rut-dum-nguc-mau-reu,https://product.hstatic.net/1000277297/product/1js10019948_c950c68afde249c4b94255f156f89f36_grande.jpg,434000,1030962886,NULL,0000-00-00 00:00:00,0000-00-00 00:00:00,TUẤN,10
1030963061,3,0,Váy cotton cam đất tùng 2 tầng ,0,https://adoredress.com/products/vay-cotton-cam-dat-2-tang-tung,https://product.hstatic.net/1000277297/product/1tv20019817__5__ad875aaccab34df4863e69d27f48e96c_grande.jpg,480000,1030963061,NULL,0000-00-00 00:00:00,0000-00-00 00:00:00,TUẤN,11
1030963081,3,0,Váy cotton đen tùng 2 tầng ,0,https://adoredress.com/products/vay-cotton-den-2-tang-tung,https://product.hstatic.net/1000277297/product/1tv20012139__5__08ee6abc6d064968995d5cc305d9c8a0_grande.jpg,480000,1030963081,NULL,0000-00-00 00:00:00,0000-00-00 00:00:00,TUẤN,10
1030963238,3,0,Váy tay lỡ buộc dây thêu thân trước ,0,https://adoredress.com/products/vay-tay-lo-buoc-day-theu-than-truoc,https://product.hstatic.net/1000277297/product/1va10219811__2__25edc2e6e9fa4037826e1938d47bf0c3_grande.jpg,620000,1030963238,NULL,0000-00-00 00:00:00,0000-00-00 00:00:00,TUẤN,10
1030965701,3,0,Váy mini cổ tim hoa nhí rêu ,0,https://adoredress.com/products/vay-mini-co-v-tay-coc-rut-dum-eo-mau-xanh,https://product.hstatic.net/1000277297/product/1va10069916_9f60dd35d13c4d668989f34462a5024c_grande.jpg,580000,1030965701,NULL,0000-00-00 00:00:00,0000-00-00 00:00:00,TUẤN,10
1030965998,3,0,Váy mini cổ tim hoa nhí vàng ,0,https://adoredress.com/products/vay-mini-co-v-tay-coc-rut-dum-eo-mau-vang,https://product.hstatic.net/1000277297/product/1va10069915_8ea14e2ea65244409cbd0882100ee182_grande.jpg,580000,1030965998,NULL,0000-00-00 00:00:00,0000-00-00 00:00:00,TUẤN,10
1030966232,3,0,Váy mini hoa thô vặn ngực ,0,https://adoredress.com/products/vay-mini-hoa-nhi-tay-nhun-bong,https://product.hstatic.net/1000277297/product/1va10039902__5__912d3139ef6e4bf0b739a0229a7cf51e_grande.jpg,580000,1030966232,NULL,0000-00-00 00:00:00,0000-00-00 00:00:00,TUẤN,10
1030966255,3,0,Váy midi bên sườn cutout lưng màu đen ,0,https://adoredress.com/products/vay-midi-ben-suon-cutout-lung-mau-den,https://product.hstatic.net/1000277297/product/1va20020938__5__085f10bf080b43c281ff42eb6639c640_grande.jpg,580000,1030966255,NULL,0000-00-00 00:00:00,0000-00-00 00:00:00,TUẤN,10
1030966268,3,0,Váy midi bên sườn cutout lưng màu nâu tây ,0,https://adoredress.com/products/vay-midi-ben-suon-cutout-lung-mau-nau-tay,https://product.hstatic.net/1000277297/product/1va20029953_88eea08ddd704c3b863012239a1dc19f_grande.jpg,580000,1030966268,NULL,0000-00-00 00:00:00,0000-00-00 00:00:00,TUẤN,11
1030996857,2,0,Quần cullote suông màu capuchino ,0,https://adoredress.com/products/cullote-basic-mau-capuchino,https://product.hstatic.net/1000277297/product/0qu30313827_-_1ao20033753__2__9090ada64b29408aacc46ba246ba22e2_grande.jpg,430000,1030996857,NULL,5/16/2021 0:00,0000-00-00 00:00:00,TUẤN,10
1031076615,3,0,Váy midi tay bồng hàng khuy giữa basic vàng ,0,https://adoredress.com/products/vay-midi-tay-bong-cai-khuy-truoc-mau-vang-1,https://product.hstatic.net/1000277297/product/1va20069887__4__011d1aae4330446eacbeda051ac65893_grande.jpg,544000,1031076615,NULL,0000-00-00 00:00:00,0000-00-00 00:00:00,TUẤN,10
1031077650,1,0,T-shirt vàng in góc nhà trồng cây ,0,https://adoredress.com/products/t-shirt-vang-in-goc-nha-trong-cay,https://product.hstatic.net/1000277297/product/1ts40022142_-_0qu10449997_3688e87a666f42f88591731e8995605f_grande.jpg,250000,1031077650,NULL,0000-00-00 00:00:00,0000-00-00 00:00:00,TUẤN,20
1031077729,1,0,T-shirt đen printed freedom girl ,0,https://adoredress.com/products/ao-phong-den-in-phong-canh-bien,https://product.hstatic.net/1000277297/product/1ts40183390_-_0qu30310777__2__50fae815bf6148338a324e91b500132e_grande.jpg,250000,1031077729,NULL,0000-00-00 00:00:00,0000-00-00 00:00:00,TUẤN,20
1031077821,1,0,T-shirt đen printed city with yellow taxi ,0,https://adoredress.com/products/ao-phong-den-in-duong-pho,https://product.hstatic.net/1000277297/product/1ts40363390_-_1cv10069982__2__91e5264a125c48cfb795db01c79672f7_grande.jpg,250000,1031077821,NULL,0000-00-00 00:00:00,0000-00-00 00:00:00,TUẤN,20
1031398641,3,0,Váy mini hoa vàng nhí dúm chân ngực ,0,https://adoredress.com/products/vay-mini-hoa-vang-nhi-dum-chan-nguc,https://product.hstatic.net/1000277297/product/1va10299917__6__423746d0952e43be9f0867e816840310_grande.jpg,580000,1031398641,NULL,0000-00-00 00:00:00,0000-00-00 00:00:00,TUẤN,10
1031401044,1,0,Sơ mi basic karo đỏ cổ đức ,0,https://adoredress.com/products/so-mi-basic-karo-do-co-duc,https://product.hstatic.net/1000277297/product/1ao10273995__2__1859c5dcb5fa42c7bdff0f57feb65f5f_grande.jpg,380000,1031401044,NULL,0000-00-00 00:00:00,0000-00-00 00:00:00,TUẤN,20
1031401252,1,0,Sơ mi gingham đen trắng cổ tàu thêu thân ,0,https://adoredress.com/products/so-mi-gingham-den-trang-co-tau-theu-than,https://product.hstatic.net/1000277297/product/1ao10263977_-_1cv10060984_e219fde2d1a14e8e9eda203b40bd7058_grande.jpg,460000,1031401252,NULL,0000-00-00 00:00:00,0000-00-00 00:00:00,TUẤN,20
1031401342,1,0,Top karo nhí cổ trắng phối dây trang trí ,0,https://adoredress.com/products/top-karo-nhi-co-trang-phoi-day-trang-tri,https://product.hstatic.net/1000277297/product/1ao10423979_-_1cv10069982_369fb34391584f2e88228a3166701ecd_grande.jpg,400000,1031401342,NULL,0000-00-00 00:00:00,0000-00-00 00:00:00,TUẤN,20
1031401359,1,0,Peplum cổ vic karo nhí thêu hoa ngực ,0,https://adoredress.com/products/peplum-co-vic-karo-nhi-theu-hoa-nguc,https://product.hstatic.net/1000277297/product/1ao10433976_57a4adbc894f4e6894795131837613c7_grande.jpg,400000,1031401359,NULL,0000-00-00 00:00:00,0000-00-00 00:00:00,TUẤN,24
1031401654,1,0,Top gingham cổ trắng phối nơ cổ ,0,https://adoredress.com/products/top-gingham-co-trang-phoi-no-co,https://product.hstatic.net/1000277297/product/1ao10503996_-_1cv10060984__3__f34e711ae84b473597ab8e5c2fbc7c0e_grande.jpg,400000,1031401654,NULL,0000-00-00 00:00:00,0000-00-00 00:00:00,TUẤN,22
1031401764,3,0,Váy mini cam phối cổ ghi dáng peptile ,0,https://adoredress.com/products/vay-mini-cam-phoi-co-ghi-dang-peptile,https://product.hstatic.net/1000277297/product/1va10329939_e0719a49dda04df0a35b87346d2c1918_grande.jpg,620000,1031401764,NULL,0000-00-00 00:00:00,0000-00-00 00:00:00,TUẤN,10
1031401923,1,0,Top ôm đánh chun vải xốp nâu tây ,0,https://adoredress.com/products/top-om-danh-chun-vai-xop-nau-tay,https://product.hstatic.net/1000277297/product/1ao20389885_-_0qu30313828_5444b2b317b44f52ac1fcea6096d05eb_grande.jpg,380000,1031401923,NULL,0000-00-00 00:00:00,0000-00-00 00:00:00,TUẤN,20
1031464818,3,0,Váy midi xanh lơ hoa cutout lườn ,0,https://adoredress.com/products/vay-midi-xanh-lo-hoa-cutout-luon,https://product.hstatic.net/1000277297/product/1va20164004__4__a3a5840bdde443fc921ca65f8bd3ab84_grande.jpg,434000,1031464818,NULL,0000-00-00 00:00:00,0000-00-00 00:00:00,TUẤN,11
1031464829,1,0,Top karo phối cổ thêu ,0,https://adoredress.com/products/top-karo-phoi-co-theu-sz-m,https://product.hstatic.net/1000277297/product/1ao10344001_-_1cv10069982_54209c1ee3334882a6ceaf8224502d04_grande.jpg,400000,1031464829,NULL,0000-00-00 00:00:00,0000-00-00 00:00:00,TUẤN,20
1031464849,3,0,Váy gingham đen trắng cúp ngực cổ vuông ,0,https://adoredress.com/products/vay-gingham-den-trang-cup-nguc-co-vuong,https://product.hstatic.net/1000277297/product/1va20173996__2__4db4d92babca476db3f831992ee302cc_grande.jpg,680000,1031464849,NULL,0000-00-00 00:00:00,0000-00-00 00:00:00,TUẤN,10
1031464873,1,0,Top be thêu hoa phối ren và bèo ,0,https://adoredress.com/products/top-be-theu-hoa-phoi-ren-va-beo,https://product.hstatic.net/1000277297/product/1ao10243963_-_1cv10069931_c5b91418def94ac4afdc3ef9db77634d_grande.jpg,460000,1031464873,NULL,0000-00-00 00:00:00,0000-00-00 00:00:00,TUẤN,20
1031464941,1,0,Top karo xanh nhí cổ bèo mix 6 khuy ,0,https://adoredress.com/products/top-karo-xanh-nhi-co-beo-mix-6-khuy,https://product.hstatic.net/1000277297/product/1ao10354011_41d83bd6bf7049c396072e48caac8b26_grande.jpg,430000,1031464941,NULL,0000-00-00 00:00:00,0000-00-00 00:00:00,TUẤN,20
1031464988,1,0,Top karo nâu sen tim phối bèo ,0,https://adoredress.com/products/top-karo-nau-sen-tim-phoi-beo,https://product.hstatic.net/1000277297/product/1ao10484005_-_1so10019931__6__b99ab5370783494cb030887ce0646919_grande.jpg,400000,1031464988,NULL,0000-00-00 00:00:00,0000-00-00 00:00:00,TUẤN,20
1031465107,3,0,Váy mini xanh hoa nhí dúm ngực ,0,https://adoredress.com/products/vay-mini-xanh-hoa-nhi-dum-nguc,https://product.hstatic.net/1000277297/product/1va10339870__4__3e95f6a22e0d422f8d26522617e9d66b_grande.jpg,580000,1031465107,NULL,0000-00-00 00:00:00,0000-00-00 00:00:00,TUẤN,10
1031465164,3,0,Váy hoa nhí cổ vuông hàng khuy giữa basic ,0,https://adoredress.com/products/vay-hoa-nhi-co-vuong-hang-khuy-giua-basic,https://product.hstatic.net/1000277297/product/1va10289872__4__598c4d2336bb431f8fe574e6f831291e_grande.jpg,580000,1031465164,NULL,0000-00-00 00:00:00,0000-00-00 00:00:00,TUẤN,10
1031465181,1,0,Top hoa nhí cổ tàu phối ren ,0,https://adoredress.com/products/top-hoa-nhi-co-tau-phoi-ren,https://product.hstatic.net/1000277297/product/1ao10329872_-_1cv10060984_5ecdc66cad84403d8f6321f05e37c1f3_grande.jpg,380000,1031465181,NULL,0000-00-00 00:00:00,0000-00-00 00:00:00,TUẤN,20
1031666430,1,0,T-shirt đen printed 2 freedom friends ,0,https://adoredress.com/products/t-shirt-den-printed-2-freedom-friends,https://product.hstatic.net/1000277297/product/1ts40132139_-_0cv10513220_5f8ce6a2628b4874b65fc4a179f401af_grande.jpg,250000,1031666430,NULL,0000-00-00 00:00:00,0000-00-00 00:00:00,TUẤN,20
1031735013,3,0,Váy 2 dây lụa cổ tim màu xanh cổ vịt ,0,https://adoredress.com/products/vay-2-day-lua-co-tim-mau-xanh-co-vit,https://product.hstatic.net/1000277297/product/1va60029962__2__12b0420869304542a392cdd93296a23c_grande.jpg,680000,1031735013,NULL,0000-00-00 00:00:00,0000-00-00 00:00:00,TUẤN,10
1031738641,1,0,So mi cổ vic trắng can ren thêu hoa ,0,https://adoredress.com/products/so-mi-co-vic-trang-can-ren-theu-hoa,https://product.hstatic.net/1000277297/product/1ao10029918_-_1cv10089893__5__cf412d835710417ba929b4396314ede2_grande.jpg,460000,1031738641,NULL,0000-00-00 00:00:00,0000-00-00 00:00:00,TUẤN,20
1031865735,1,0,Áo 2 dây camisole màu đỏ ,0,https://adoredress.com/products/ao-2-day-camisole-mau-do,https://product.hstatic.net/1000277297/product/1ao30019770_-_0qu10449997__4__26e47400568a407c8635297272b3f244_grande.jpg,280000,1031865735,NULL,0000-00-00 00:00:00,0000-00-00 00:00:00,TUẤN,20
1031867752,1,0,Áo 2 dây camisole màu đen ,0,https://adoredress.com/products/ao-2-day-camisole-mau-den,https://product.hstatic.net/1000277297/product/1ao30010903_-_1qu10073838_8ca1d3f9b93a4cd1b3efbdfd628fbda6_grande.jpg,280000,1031867752,NULL,0000-00-00 00:00:00,0000-00-00 00:00:00,TUẤN,20
1031877577,1,0,Áo 2 dây camisole màu vàng ,0,https://adoredress.com/products/ao-2-day-camisole-mau-vang,https://product.hstatic.net/1000277297/product/1ao30010899_-_0cv10513220__4__751012ac539d406f9c6779c71e9a346b_grande.jpg,280000,1031877577,NULL,0000-00-00 00:00:00,0000-00-00 00:00:00,TUẤN,20
1031888259,3,0,Midi hoa nhí cam đất nhún ngực ,0,https://adoredress.com/products/midi-hoa-nhi-cam-dat-nhun-nguc,https://product.hstatic.net/1000277297/product/1va20019837__3__ae63a3d2fd5047258fcd7a0bc226676a_grande.jpg,580000,1031888259,NULL,0000-00-00 00:00:00,0000-00-00 00:00:00,TUẤN,10
1031914888,2,0,Quần cullotes đen dáng dài cạp cao ,0,https://adoredress.com/products/quan-cullotes-den-dang-dai-cap-cao,https://product.hstatic.net/1000277297/product/1ao30029936_-_1qu30029920_2b0cf908a8a64e779f6897c567744852_grande.jpg,430000,1031914888,NULL,5/16/2021 0:00,0000-00-00 00:00:00,TUẤN,10
1031921571,1,0,Top 2 dây đen rút nhún ngực ,0,https://adoredress.com/products/top-2-day-den-rut-nhun-nguc,https://product.hstatic.net/1000277297/product/1ao30029936_-_1qu30029920__5__00e91f41968044b09fc59ca324ad645c_grande.jpg,320000,1031921571,NULL,0000-00-00 00:00:00,0000-00-00 00:00:00,TUẤN,20
1031938739,1,0,Áo 2 dây camisole màu be ,0,https://adoredress.com/products/ao-2-day-camisole-mau-be,https://product.hstatic.net/1000277297/product/1ao30010778_-_0qu10441093__2__7f386556f91c4e62a97936f0dd2f069e_grande.jpg,280000,1031938739,NULL,0000-00-00 00:00:00,0000-00-00 00:00:00,TUẤN,20
1032127955,3,0,Váy rêu suông A cổ tim kèm belt ,0,https://adoredress.com/products/vay-reu-suong-a-co-tim-kem-belt,https://product.hstatic.net/1000277297/product/1va10223982_c5b4b28bbca9436885fa6e593d10ca97_grande.jpg,620000,1032127955,NULL,0000-00-00 00:00:00,0000-00-00 00:00:00,TUẤN,10
1032128169,2,0,Quần baggy cạp cao gấu lơ vê màu nâu bò ,0,https://adoredress.com/products/quan-baggy-cap-cao-gau-lo-ve-mau-nau-bo,https://product.hstatic.net/1000277297/product/1ao20370907_-_1qu10073838__5__3e931d68f9ee47a4a70ef714295e7606_grande.jpg,430000,1032128169,NULL,5/16/2021 0:00,0000-00-00 00:00:00,TUẤN,10
1032130076,3,0,Váy cam suông A cổ tim kèm belt ,0,https://adoredress.com/products/vay-cam-suong-a-co-tim-kem-belt,https://product.hstatic.net/1000277297/product/1va10223983_05e8347a9b5040f4becc4fbc0da449b5_grande.jpg,620000,1032130076,NULL,0000-00-00 00:00:00,0000-00-00 00:00:00,TUẤN,10
1032131118,3,0,Váy 2 dây lụa cổ tim màu cam đất ,0,https://adoredress.com/products/vay-2-day-lua-co-tim-mau-cam-dat,https://product.hstatic.net/1000277297/product/1va60029881__2__e62255e9920f4c749152f42cd6e1dfa8_grande.jpg,680000,1032131118,NULL,0000-00-00 00:00:00,0000-00-00 00:00:00,TUẤN,10
1032131695,3,0,Váy đuôi cá lụa cam tùng xéo cut out lưng ,0,https://adoredress.com/products/vay-duoi-ca-lua-cam-tung-xeo-cut-out-lung,https://product.hstatic.net/1000277297/product/1va60103795__3__03850a653e174096ba402da51666d158_grande.jpg,680000,1032131695,NULL,0000-00-00 00:00:00,0000-00-00 00:00:00,TUẤN,10
1032132040,3,0,Váy đuôi cá lụa đen tùng xéo cut out lưng ,0,https://adoredress.com/products/vay-duoi-ca-lua-den-tung-xeo-cut-out-lung,https://product.hstatic.net/1000277297/product/1va60103798_5ea65bede72144cda2484d88dd8d57bd_grande.jpg,680000,1032132040,NULL,0000-00-00 00:00:00,0000-00-00 00:00:00,TUẤN,10
1032133639,1,0,Áo sơ mi đen thêu cổ galaxy ,0,https://adoredress.com/products/ao-so-mi-den-theu-co-galaxy,https://product.hstatic.net/1000277297/product/dsc06066_3b34bf94c12b45fdb8e3f1167a115a65_grande.jpg,390000,1032133639,NULL,0000-00-00 00:00:00,0000-00-00 00:00:00,TUẤN,20
1032133990,3,0,Váy mini A karo xanh nhí cổ sen mix 6 khuy ,0,https://adoredress.com/products/vay-mini-a-karo-xanh-nhi-co-sen-mix-6-khuy,https://product.hstatic.net/1000277297/product/1va10363976_003604438cdb46428edb8d39246dbc02_grande.jpg,680000,1032133990,NULL,0000-00-00 00:00:00,0000-00-00 00:00:00,TUẤN,10
1032173673,3,0,Váy 2 dây lụa cổ tim màu đen ,0,https://adoredress.com/products/vay-2-day-lua-co-tim-mau-den,https://product.hstatic.net/1000277297/product/1va60029930_c8eaae8f3d4843f684afe02bf762676c_grande.jpg,680000,1032173673,NULL,0000-00-00 00:00:00,0000-00-00 00:00:00,TUẤN,10
1032187061,1,0,Sơ mi lụa cổ nơ hàng khuy bọc ,0,https://adoredress.com/products/so-mi-lua-co-no-hang-khuy-boc,https://product.hstatic.net/1000277297/product/1_94830876a75f4088bb9daadf8e07e024_grande.jpg,390000,1032187061,NULL,0000-00-00 00:00:00,0000-00-00 00:00:00,TUẤN,20
1032187227,1,0,Top crop pep ôm dún ngực ,0,https://adoredress.com/products/top-crop-pep-om-dun-nguc,https://product.hstatic.net/1000277297/product/1ao20149854_-_1so10019931__2__13233425a0444d84a6b161259a57739d_grande.jpg,380000,1032187227,NULL,0000-00-00 00:00:00,0000-00-00 00:00:00,TUẤN,22
1032218988,1,0,Top karo cổ tim tay bồng dúm ,0,https://adoredress.com/products/top-karo-co-tim-tay-bong-dum-1,https://product.hstatic.net/1000277297/product/1ao20323977_-_1so10019931_526440a8dcdd452ab8e4ab4e2e7ed8b4_grande.jpg,380000,1032218988,NULL,0000-00-00 00:00:00,0000-00-00 00:00:00,TUẤN,20
1032273531,3,0,Váy mini hoa lụa xanh vàng khuy bọc phối. ,0,https://adoredress.com/products/vay-mini-hoa-lua-xanh-vang-khuy-boc-phoi,https://product.hstatic.net/1000277297/product/1va10169868__2__55db85d1090e41d5bccf3061497cf7d0_grande.jpg,580000,1032273531,NULL,0000-00-00 00:00:00,0000-00-00 00:00:00,TUẤN,10
1032322858,1,0,Top xốp trắng vai xếp bồng ,0,https://adoredress.com/products/top-xop-trang-vai-xep-bong,https://product.hstatic.net/1000277297/product/1ao20459789_362a5f249f47465ba7d242b5d555a61f_grande.jpg,380000,1032322858,NULL,0000-00-00 00:00:00,0000-00-00 00:00:00,TUẤN,20
1032326605,3,0,Váy mini đen cổ vuông tùng 2 tầng ,0,https://adoredress.com/products/vay-mini-den-co-vuong-tung-2-tang,https://product.hstatic.net/1000277297/product/1va10250754_6dc66ba7da0542f4a9e981aec6fa29a9_grande.jpg,580000,1032326605,NULL,0000-00-00 00:00:00,0000-00-00 00:00:00,TUẤN,10
1032440547,1,0,T-shirt đen printed girl in garden ,0,https://adoredress.com/products/t-shirt-den-printed-girl-in-garden,https://product.hstatic.net/1000277297/product/1ts40213390__3__ba9d302e79b1403caad16b282818ba73_grande.jpg,250000,1032440547,NULL,0000-00-00 00:00:00,0000-00-00 00:00:00,TUẤN,20
1032520387,1,0,Top karo vàng phối ren ,0,https://adoredress.com/products/top-karo-vang-phoi-ren,https://product.hstatic.net/1000277297/product/1ao10333483_-_1qu30019977_4b197999e4a74932a85554d82235c725_grande.jpg,380000,1032520387,NULL,0000-00-00 00:00:00,0000-00-00 00:00:00,TUẤN,20
1032525677,3,0,Midi dún ngực ,0,https://adoredress.com/products/midi-dun-nguc,https://product.hstatic.net/1000277297/product/1va20189700__2__55df91e2183640f593c7c7512426e72c_grande.jpg,680000,1032525677,NULL,0000-00-00 00:00:00,0000-00-00 00:00:00,TUẤN,10
1032526841,1,0,Top cổ vic thêu city of stars ,0,https://adoredress.com/products/top-co-vic-theu-city-of-stars,https://product.hstatic.net/1000277297/product/1ao10310907_-_1so10019931__2__fb5c3d1f11d34fc693782e63bc2f8419_grande.jpg,380000,1032526841,NULL,0000-00-00 00:00:00,0000-00-00 00:00:00,TUẤN,20
1032615460,2,0,Quần suông dài cạp cao ly nổi màu nâu ,0,https://adoredress.com/products/quan-suong-dai-cap-cao-ly-noi-mau-nau,https://product.hstatic.net/1000277297/product/1ao20393505_-_1qu30019977__3__485f078b86724939a7f4926b56db0181_grande.jpg,430000,1032615460,NULL,5/16/2021 0:00,0000-00-00 00:00:00,TUẤN,10
1032615468,2,0,Quần suông dài cạp cao ly nổi màu đen ,0,https://adoredress.com/products/quan-suong-dai-cap-cao-ly-noi-mau-den,https://product.hstatic.net/1000277297/product/1ao20623208_-_1qu30019999__5__93b35880f63a4018a43b55ebe94166ee_grande.jpg,430000,1032615468,NULL,5/16/2021 0:00,0000-00-00 00:00:00,TUẤN,10
1032620197,3,0,Váy mini hoa nhí đỏ vặn ngực ,0,https://adoredress.com/products/vay-mini-hoa-nhi-do-van-nguc,https://product.hstatic.net/1000277297/product/1va10039845_b5bfe5df649f47dd91c38b5d1fbb300e_grande.jpg,580000,1032620197,NULL,0000-00-00 00:00:00,0000-00-00 00:00:00,TUẤN,10
1032624125,1,0,Áo phông in hình sân tenis màu đen ,0,https://adoredress.com/products/ao-phong-in-hinh-san-tenis-mau-den,https://product.hstatic.net/1000277297/product/1ts40213390_af721dba2bee43e5b9c39d28792bc6e2_grande.jpg,250000,1032624125,NULL,0000-00-00 00:00:00,0000-00-00 00:00:00,TUẤN,20
1032655679,1,0,Sơ mi basic sọc thêu just have adore ,0,https://adoredress.com/products/so-mi-basic-soc-theu-just-have-adore,https://product.hstatic.net/1000277297/product/1ao10569813_-_1cv10099828__6__cbded669120d438cb16c7ec0d81e78d3_grande.jpg,380000,1032655679,NULL,0000-00-00 00:00:00,0000-00-00 00:00:00,TUẤN,20
1032718728,1,0,Top trễ vai thêu hoa rơi random ,0,https://adoredress.com/products/top-tre-vai-theu-hoa-roi-random,https://product.hstatic.net/1000277297/product/1ao20623208_-_1qu30019999__2__169a4c2ab1724a3b9a0f4cf83513c6c6_grande.jpg,420000,1032718728,NULL,0000-00-00 00:00:00,0000-00-00 00:00:00,TUẤN,20
1032747434,1,0,Top karo lé trang trí ,0,https://adoredress.com/products/top-karo-le-trang-tri,https://product.hstatic.net/1000277297/product/1ao20154055_-_1cv10099828__3__f89ecdd12a2745c385c29917c2d85ac6_grande.jpg,380000,1032747434,NULL,0000-00-00 00:00:00,0000-00-00 00:00:00,TUẤN,21
1032747580,1,0,Top trắng thô nỏi hạt thêu cầu ngực ,0,https://adoredress.com/products/top-trang-tho-noi-hat-theu-cau-nguc,https://product.hstatic.net/1000277297/product/1ao20424009_-_1qu10073838_ddb75e19f9cb47c2a996af488df67731_grande.jpg,420000,1032747580,NULL,0000-00-00 00:00:00,0000-00-00 00:00:00,TUẤN,20
1032748061,3,0,Midi nhún ngực be phối khuy karo ,0,https://adoredress.com/products/midi-nhun-nguc-be-phoi-khuy-karo,https://product.hstatic.net/1000277297/product/1va20189764_535ff825d6b548ce825e6f45685fc28a_grande.jpg,680000,1032748061,NULL,0000-00-00 00:00:00,0000-00-00 00:00:00,TUẤN,10
1032847206,3,0,Váy đuôi cá karo phối cổ đính con ong ,0,https://adoredress.com/products/vay-duoi-ca-karo-phoi-co-dinh-con-ong,https://product.hstatic.net/1000277297/product/1va10014023__3__924fe77b72074e3d97b8af579867ae05_grande.jpg,620000,1032847206,NULL,0000-00-00 00:00:00,0000-00-00 00:00:00,TUẤN,11
